row_id,conn_date,conn_time_utc,timing_advance,cell_id,network_type,tower_lat,tower_lon,sector_orientation,device_lat,device_lon
,,,,,,,,,,
318,5/24/2025,0:04:03,3,18497943,4G,39.3433,-76.729202,240,39.343746,-76.731483
,,,,,,,,,,
319,5/24/2025,0:04:18,3,18497802,4G,39.3433,-76.729202,240,39.344002,-76.731606
,,,,,,,,,,
320,5/24/2025,0:04:41,3,18497943,4G,39.3433,-76.729202,240,39.343746,-76.731483
,,,,,,,,,,
321,5/24/2025,0:05:08,3,18497802,4G,39.3433,-76.729202,240,39.344002,-76.731606
,,,,,,,,,,
322,5/24/2025,0:06:21,3,18497943,4G,39.3433,-76.729202,240,39.343746,-76.731483
,,,,,,,,,,
323,5/24/2025,0:09:30,3,18498016,4G,39.3433,-76.729202,240,39.342361,-76.730186
,,,,,,,,,,
324,5/24/2025,0:10:08,3,18497802,4G,39.3433,-76.729202,240,39.344002,-76.731606
,,,,,,,,,,
325,5/24/2025,0:12:31,3,18498016,4G,39.3433,-76.729202,240,39.342361,-76.730186
,,,,,,,,,,
326,5/24/2025,0:13:32,3,18497802,4G,39.3433,-76.729202,240,39.344002,-76.731606
,,,,,,,,,,
327,5/24/2025,0:15:33,3,18498016,4G,39.3433,-76.729202,240,39.342361,-76.730186
,,,,,,,,,,
328,5/24/2025,0:16:04,3,18497943,4G,39.3433,-76.729202,240,39.343746,-76.731483
,,,,,,,,,,
329,5/24/2025,0:19:09,3,18497802,4G,39.3433,-76.729202,240,39.344002,-76.731606
,,,,,,,,,,
330,5/24/2025,0:20:34,3,18497943,4G,39.3433,-76.729202,240,39.343746,-76.731483
,,,,,,,,,,
331,5/24/2025,0:22:47,3,18497802,4G,39.3433,-76.729202,240,39.344002,-76.731606
,,,,,,,,,,
332,5/24/2025,0:24:45,3,18497943,4G,39.3433,-76.729202,240,39.343746,-76.731483
,,,,,,,,,,
333,5/24/2025,0:26:58,3,18498016,4G,39.3433,-76.729202,240,39.342361,-76.730186
,,,,,,,,,,
334,5/24/2025,0:27:03,3,18497802,4G,39.3433,-76.729202,240,39.344002,-76.731606
,,,,,,,,,,
335,5/24/2025,0:27:50,3,18497943,4G,39.3433,-76.729202,240,39.343746,-76.731483
,,,,,,,,,,
336,5/24/2025,0:28:00,3,18498016,4G,39.3433,-76.729202,240,39.342361,-76.730186
,,,,,,,,,,
337,5/24/2025,0:28:51,3,18497802,4G,39.3433,-76.729202,240,39.344002,-76.731606
,,,,,,,,,,
338,5/24/2025,0:30:01,3,18497943,4G,39.3433,-76.729202,240,39.343746,-76.731483
,,,,,,,,,,
339,5/24/2025,0:32:10,3,18497802,4G,39.3433,-76.729202,240,39.344002,-76.731606
,,,,,,,,,,
340,5/24/2025,0:33:27,3,18497943,4G,39.3433,-76.729202,240,39.343746,-76.731483
,,,,,,,,,,
341,5/24/2025,0:33:56,3,18498016,4G,39.3433,-76.729202,240,39.342361,-76.730186
,,,,,,,,,,
342,5/24/2025,0:40:47,3,18497943,4G,39.3433,-76.729202,240,39.343746,-76.731483
,,,,,,,,,,
343,5/24/2025,0:46:31,3,18497802,4G,39.3433,-76.729202,240,39.344002,-76.731606
,,,,,,,,,,
344,5/24/2025,0:52:09,2,18497802,4G,39.3433,-76.729202,240,39.343723,-76.730476
,,,,,,,,,,
345,5/24/2025,1:06:45,3,18497802,4G,39.3433,-76.729202,240,39.344002,-76.731606
,,,,,,,,,,
346,5/24/2025,1:18:16,3,18497802,4G,39.3433,-76.729202,240,39.344002,-76.731606
,,,,,,,,,,
347,5/24/2025,1:32:22,3,18497802,4G,39.3433,-76.729202,240,39.344002,-76.731606
,,,,,,,,,,
348,5/24/2025,1:43:59,3,18497802,4G,39.3433,-76.729202,240,39.344002,-76.731606
,,,,,,,,,,
349,5/24/2025,2:00:47,3,18497802,4G,39.3433,-76.729202,240,39.344002,-76.731606
,,,,,,,,,,
350,5/24/2025,2:07:17,3,18497802,4G,39.3433,-76.729202,240,39.344002,-76.731606
,,,,,,,,,,
351,5/24/2025,2:29:10,3,18497802,4G,39.3433,-76.729202,240,39.344002,-76.731606
,,,,,,,,,,
352,5/24/2025,2:34:19,3,18497802,4G,39.3433,-76.729202,240,39.344002,-76.731606
,,,,,,,,,,
353,5/24/2025,2:41:41,3,18497802,4G,39.3433,-76.729202,240,39.344002,-76.731606
,,,,,,,,,,
354,5/24/2025,2:55:58,3,18497802,4G,39.3433,-76.729202,240,39.344002,-76.731606
,,,,,,,,,,
355,5/24/2025,3:52:47,3,18497802,4G,39.3433,-76.729202,240,39.344002,-76.731606
,,,,,,,,,,
356,5/24/2025,4:01:46,3,18497802,4G,39.3433,-76.729202,240,39.344002,-76.731606
,,,,,,,,,,
357,5/24/2025,4:17:59,3,18497802,4G,39.3433,-76.729202,240,39.344002,-76.731606
,,,,,,,,,,
358,5/24/2025,5:13:13,3,18497802,4G,39.3433,-76.729202,240,39.344002,-76.731606
,,,,,,,,,,
359,5/24/2025,5:23:01,3,18497802,4G,39.3433,-76.729202,240,39.344002,-76.731606
,,,,,,,,,,
360,5/24/2025,5:42:50,3,18497802,4G,39.3433,-76.729202,240,39.344002,-76.731606
,,,,,,,,,,
361,5/24/2025,6:10:50,3,18497802,4G,39.3433,-76.729202,240,39.344002,-76.731606
,,,,,,,,,,
362,5/24/2025,6:32:30,3,18497802,4G,39.3433,-76.729202,240,39.344002,-76.731606
,,,,,,,,,,
363,5/24/2025,6:42:59,3,18497802,4G,39.3433,-76.729202,240,39.344002,-76.731606
,,,,,,,,,,
364,5/24/2025,6:59:38,3,18497802,4G,39.3433,-76.729202,240,39.344002,-76.731606
,,,,,,,,,,
365,5/24/2025,7:23:38,3,18497802,4G,39.3433,-76.729202,240,39.344002,-76.731606
,,,,,,,,,,
366,5/24/2025,7:49:10,3,18497802,4G,39.3433,-76.729202,240,39.344002,-76.731606
,,,,,,,,,,
367,5/24/2025,8:02:09,3,18497802,4G,39.3433,-76.729202,240,39.344002,-76.731606
,,,,,,,,,,
368,5/24/2025,8:07:17,3,18497802,4G,39.3433,-76.729202,240,39.344002,-76.731606
,,,,,,,,,,
369,5/24/2025,8:18:51,3,18497802,4G,39.3433,-76.729202,240,39.344002,-76.731606
,,,,,,,,,,
370,5/24/2025,8:43:15,3,18497802,4G,39.3433,-76.729202,240,39.344002,-76.731606
,,,,,,,,,,
371,5/24/2025,8:58:08,3,18497802,4G,39.3433,-76.729202,240,39.344002,-76.731606
,,,,,,,,,,
372,5/24/2025,9:05:11,3,18497802,4G,39.3433,-76.729202,240,39.344002,-76.731606
,,,,,,,,,,
373,5/24/2025,9:12:28,3,18497802,4G,39.3433,-76.729202,240,39.344002,-76.731606
,,,,,,,,,,
374,5/24/2025,9:37:16,3,18497802,4G,39.3433,-76.729202,240,39.344002,-76.731606
,,,,,,,,,,
375,5/24/2025,9:49:09,3,18497943,4G,39.3433,-76.729202,240,39.343746,-76.731483
,,,,,,,,,,
376,5/24/2025,10:05:31,3,18497802,4G,39.3433,-76.729202,240,39.344002,-76.731606
,,,,,,,,,,
377,5/24/2025,10:06:18,3,18498016,4G,39.3433,-76.729202,240,39.342361,-76.730186
,,,,,,,,,,
378,5/24/2025,10:06:32,3,18497802,4G,39.3433,-76.729202,240,39.344002,-76.731606
,,,,,,,,,,
379,5/24/2025,10:06:46,3,18497943,4G,39.3433,-76.729202,240,39.343746,-76.731483
,,,,,,,,,,
380,5/24/2025,10:07:01,3,18497802,4G,39.3433,-76.729202,240,39.344002,-76.731606
,,,,,,,,,,
381,5/24/2025,10:13:43,3,18497802,4G,39.3433,-76.729202,240,39.344002,-76.731606
,,,,,,,,,,
382,5/24/2025,10:14:06,3,18498016,4G,39.3433,-76.729202,240,39.342361,-76.730186
,,,,,,,,,,
383,5/24/2025,10:35:09,3,18498016,4G,39.3433,-76.729202,240,39.342361,-76.730186
,,,,,,,,,,
384,5/24/2025,11:01:48,3,18497802,4G,39.3433,-76.729202,240,39.344002,-76.731606
,,,,,,,,,,
385,5/24/2025,11:03:44,3,18498016,4G,39.3433,-76.729202,240,39.342361,-76.730186
,,,,,,,,,,
386,5/24/2025,11:25:44,3,18497802,4G,39.3433,-76.729202,240,39.344002,-76.731606
,,,,,,,,,,
387,5/24/2025,11:52:05,3,18497943,4G,39.3433,-76.729202,240,39.343746,-76.731483
,,,,,,,,,,
388,5/24/2025,12:03:41,3,18497802,4G,39.3433,-76.729202,240,39.344002,-76.731606
,,,,,,,,,,
389,5/24/2025,12:04:20,3,18497943,4G,39.3433,-76.729202,240,39.343746,-76.731483
,,,,,,,,,,
390,5/24/2025,12:21:38,3,18497802,4G,39.3433,-76.729202,240,39.344002,-76.731606
,,,,,,,,,,
391,5/24/2025,12:34:11,3,18498016,4G,39.3433,-76.729202,240,39.342361,-76.730186
,,,,,,,,,,
392,5/24/2025,12:51:34,3,18497802,4G,39.3433,-76.729202,240,39.344002,-76.731606
,,,,,,,,,,
393,5/24/2025,13:04:38,3,18497802,4G,39.3433,-76.729202,240,39.344002,-76.731606
,,,,,,,,,,
394,5/24/2025,13:17:10,3,18497943,4G,39.3433,-76.729202,240,39.343746,-76.731483
,,,,,,,,,,
395,5/24/2025,13:42:03,3,18498016,4G,39.3433,-76.729202,240,39.342361,-76.730186
,,,,,,,,,,
396,5/24/2025,14:02:32,3,18498016,4G,39.3433,-76.729202,240,39.342361,-76.730186
,,,,,,,,,,
397,5/24/2025,14:10:19,3,18497802,4G,39.3433,-76.729202,240,39.344002,-76.731606
,,,,,,,,,,
398,5/24/2025,14:35:07,3,18497943,4G,39.3433,-76.729202,240,39.343746,-76.731483
,,,,,,,,,,
399,5/24/2025,14:42:07,3,18498016,4G,39.3433,-76.729202,240,39.342361,-76.730186
,,,,,,,,,,
400,5/24/2025,14:59:53,3,18497802,4G,39.3433,-76.729202,240,39.344002,-76.731606
,,,,,,,,,,
401,5/24/2025,15:27:32,3,18497802,4G,39.3433,-76.729202,240,39.344002,-76.731606
,,,,,,,,,,
402,5/24/2025,15:48:34,3,18498016,4G,39.3433,-76.729202,240,39.342361,-76.730186
,,,,,,,,,,
403,5/24/2025,15:53:09,3,18497802,4G,39.3433,-76.729202,240,39.344002,-76.731606
,,,,,,,,,,
404,5/24/2025,16:51:02,3,18497943,4G,39.3433,-76.729202,240,39.343746,-76.731483
,,,,,,,,,,
405,5/24/2025,16:51:25,3,18498016,4G,39.3433,-76.729202,240,39.342361,-76.730186
,,,,,,,,,,
406,5/24/2025,19:01:14,3,18497943,4G,39.3433,-76.729202,240,39.343746,-76.731483
,,,,,,,,,,
407,5/24/2025,19:15:51,3,18497802,4G,39.3433,-76.729202,240,39.344002,-76.731606
,,,,,,,,,,
408,5/24/2025,19:17:29,3,18497943,4G,39.3433,-76.729202,240,39.343746,-76.731483
,,,,,,,,,,
409,5/24/2025,19:18:16,3,18497802,4G,39.3433,-76.729202,240,39.344002,-76.731606
,,,,,,,,,,
410,5/24/2025,19:26:00,3,18498016,4G,39.3433,-76.729202,240,39.342361,-76.730186
,,,,,,,,,,
411,5/24/2025,19:39:54,3,18498016,4G,39.3433,-76.729202,240,39.342361,-76.730186
,,,,,,,,,,
412,5/24/2025,19:48:50,4,18497802,4G,39.3433,-76.729202,240,39.344246,-76.732498
,,,,,,,,,,
413,5/24/2025,19:50:24,5,18498016,4G,39.3433,-76.729202,240,39.345001,-76.733223
,,,,,,,,,,
414,5/24/2025,19:51:13,5,18497802,4G,39.3433,-76.729202,240,39.34444,-76.733482
,,,,,,,,,,
415,5/24/2025,19:58:09,16,18497802,4G,39.3433,-76.729202,240,39.34494,-76.743317
,,,,,,,,,,
416,5/24/2025,19:59:43,36,17933329,4G,39.386494,-76.730806,245,39.367863,-76.752983
,,,,,,,,,,
417,5/24/2025,20:00:03,32,18527249,4G,39.377648,-76.722214,240,39.368679,-76.748154
,,,,,,,,,,
418,5/24/2025,20:00:13,30,17933329,4G,39.386494,-76.730806,245,39.369915,-76.747452
,,,,,,,,,,
419,5/24/2025,20:00:20,29,18527249,4G,39.377648,-76.722214,240,39.371819,-76.747276
,,,,,,,,,,
420,5/24/2025,20:00:27,27,17933329,4G,39.386494,-76.730806,245,39.372528,-76.747025
,,,,,,,,,,
421,5/24/2025,20:00:47,24,18194185,4G,39.381389,-76.764444,120,39.374104,-76.74572
,,,,,,,,,,
422,5/24/2025,20:01:53,2,17933322,4G,39.386494,-76.730806,245,39.386372,-76.731598
,,,,,,,,,,
423,5/24/2025,20:02:41,15,17933320,4G,39.386494,-76.730806,10,39.390408,-76.718803
,,,,,,,,,,
424,5/24/2025,20:03:10,24,18527240,4G,39.377648,-76.722214,30,39.391193,-76.710579
,,,,,,,,,,
425,5/24/2025,20:09:49,12,18511624,4G,39.362953,-76.646362,30,39.370049,-76.652206
,,,,,,,,,,
426,5/24/2025,20:10:11,9,18398358,4G,39.3706111,-76.6546667,140,39.367222,-76.648277
,,,,,,,,,,
427,5/24/2025,20:10:22,5,18511626,4G,39.362953,-76.646362,270,39.362404,-76.650444
,,,,,,,,,,
428,5/24/2025,20:11:09,15,18511626,4G,39.362953,-76.646362,270,39.355686,-76.649437
,,,,,,,,,,
429,5/24/2025,20:11:20,5,19753315,4G,39.354339,-76.643814,0,39.358554,-76.643814
,,,,,,,,,,
430,5/24/2025,20:12:30,7,17936136,4G,39.336261,-76.649517,0,39.339027,-76.644363
,,,,,,,,,,
431,5/24/2025,20:12:45,4,17936350,4G,39.336261,-76.649517,0,39.338326,-76.647087
,,,,,,,,,,
432,5/24/2025,20:13:03,5,17936351,4G,39.336261,-76.649517,120,39.336208,-76.645683
,,,,,,,,,,
433,5/24/2025,20:13:28,13,17936351,4G,39.336261,-76.649517,120,39.338192,-76.637756
,,,,,,,,,,
434,5/24/2025,20:13:49,15,17936278,4G,39.336261,-76.649517,120,39.338192,-76.637787
,,,,,,,,,,
435,5/24/2025,20:14:44,6,19944739,4G,39.325467,-76.631147,0,39.326885,-76.631147
,,,,,,,,,,
436,5/24/2025,20:14:46,8,18513672,4G,39.316101,-76.631897,31,39.320107,-76.625961
,,,,,,,,,,
437,5/24/2025,20:15:15,6,18513672,4G,39.316101,-76.631897,31,39.320404,-76.630806
,,,,,,,,,,
438,5/24/2025,20:15:20,7,18513673,4G,39.316101,-76.631897,149,39.313179,-76.62664
,,,,,,,,,,
439,5/24/2025,20:15:23,14,18032906,4G,39.322906,-76.619681,200,39.31525,-76.628304
,,,,,,,,,,
440,5/24/2025,20:15:43,7,19169034,4G,39.311906,-76.617692,240,39.310486,-76.623955
,,,,,,,,,,
441,5/24/2025,20:15:58,5,19169041,4G,39.311906,-76.617692,240,39.31002,-76.621391
,,,,,,,,,,
442,5/24/2025,20:17:12,6,18510609,4G,39.304199,-76.6092,270,39.30275,-76.61261
,,,,,,,,,,
443,5/24/2025,20:21:48,3,19726691,4G,39.2923411,-76.6112289,0,39.29105,-76.611168
,,,,,,,,,,
444,5/24/2025,20:22:14,3,19726707,4G,39.2923411,-76.6112289,0,39.290821,-76.610924
,,,,,,,,,,
445,5/24/2025,20:22:33,2,19726963,4G,39.293635,-76.6135119,0,39.29324,-76.613663
,,,,,,,,,,
446,5/24/2025,20:41:04,8,18507157,4G,39.2892,-76.612198,30,39.290653,-76.608749
,,,,,,,,,,
447,5/24/2025,20:42:26,2,19726778,4G,39.2923411,-76.6112289,0,39.293731,-76.611255
,,,,,,,,,,
448,5/24/2025,20:45:40,2,19726707,4G,39.2923411,-76.6112289,0,39.291065,-76.610954
,,,,,,,,,,
449,5/24/2025,20:47:09,2,19726691,4G,39.2923411,-76.6112289,0,39.29105,-76.611168
,,,,,,,,,,
450,5/24/2025,20:47:27,2,19726707,4G,39.2923411,-76.6112289,0,39.291065,-76.610954
,,,,,,,,,,
451,5/24/2025,20:49:27,2,19726691,4G,39.2923411,-76.6112289,0,39.29105,-76.611168
,,,,,,,,,,
452,5/24/2025,21:01:08,8,18507157,4G,39.2892,-76.612198,30,39.290653,-76.608749
,,,,,,,,,,
453,5/24/2025,21:05:09,6,18507230,4G,39.2892,-76.612198,30,39.289635,-76.61071
,,,,,,,,,,
454,5/24/2025,21:05:40,6,18507016,4G,39.2892,-76.612198,30,39.291039,-76.609291
,,,,,,,,,,
455,5/24/2025,21:07:00,2,19724131,4G,39.2907269,-76.6080339,0,39.290661,-76.607002
,,,,,,,,,,
456,5/24/2025,21:08:43,3,19724147,4G,39.2907269,-76.6080339,0,39.290962,-76.610756
,,,,,,,,,,
457,5/24/2025,21:09:45,2,19726707,4G,39.2923411,-76.6112289,0,39.291065,-76.610954
,,,,,,,,,,
458,5/24/2025,21:11:30,1,19726691,4G,39.2923411,-76.6112289,0,39.292114,-76.611168
,,,,,,,,,,
459,5/24/2025,21:13:12,1,19726778,4G,39.2923411,-76.6112289,0,39.293731,-76.611255
,,,,,,,,,,
460,5/24/2025,21:13:13,2,19726780,4G,39.2917661,-76.6091778,0,39.292223,-76.609178
,,,,,,,,,,
461,5/24/2025,21:15:11,1,19726641,4G,39.2917661,-76.6091778,0,39.29192,-76.609077
,,,,,,,,,,
462,5/24/2025,21:15:17,2,19726707,4G,39.2923411,-76.6112289,0,39.291065,-76.610954
,,,,,,,,,,
463,5/24/2025,21:15:44,2,19726778,4G,39.2923411,-76.6112289,0,39.293731,-76.611255
,,,,,,,,,,
464,5/24/2025,21:16:34,1,19726641,4G,39.2917661,-76.6091778,0,39.29192,-76.609077
,,,,,,,,,,
465,5/24/2025,21:16:45,1,19726780,4G,39.2917661,-76.6091778,0,39.292223,-76.609178
,,,,,,,,,,
466,5/24/2025,21:17:03,1,19726627,4G,39.2917661,-76.6091778,0,39.291962,-76.609093
,,,,,,,,,,
467,5/24/2025,21:17:56,2,19726707,4G,39.2923411,-76.6112289,0,39.291065,-76.610954
,,,,,,,,,,
468,5/24/2025,21:17:59,3,19726897,4G,39.2924561,-76.61228,0,39.292316,-76.612457
,,,,,,,,,,
469,5/24/2025,21:19:09,1,19726627,4G,39.2917661,-76.6091778,0,39.291962,-76.609093
,,,,,,,,,,
470,5/24/2025,21:19:20,1,19726641,4G,39.2917661,-76.6091778,0,39.29192,-76.609077
,,,,,,,,,,
471,5/24/2025,21:19:42,2,19726627,4G,39.2917661,-76.6091778,0,39.292847,-76.609268
,,,,,,,,,,
472,5/24/2025,21:19:57,2,19726707,4G,39.2923411,-76.6112289,0,39.291065,-76.610954
,,,,,,,,,,
473,5/24/2025,21:20:12,2,19726778,4G,39.2923411,-76.6112289,0,39.293731,-76.611255
,,,,,,,,,,
474,5/24/2025,21:20:47,2,19726691,4G,39.2923411,-76.6112289,0,39.29105,-76.611168
,,,,,,,,,,
475,5/24/2025,21:20:57,2,19726707,4G,39.2923411,-76.6112289,0,39.291065,-76.610954
,,,,,,,,,,
476,5/24/2025,21:25:16,8,18507230,4G,39.2892,-76.612198,30,39.292603,-76.608795
,,,,,,,,,,
477,5/24/2025,21:25:46,8,18507016,4G,39.2892,-76.612198,30,39.293159,-76.608574
,,,,,,,,,,
478,5/24/2025,21:26:41,3,19726691,4G,39.2923411,-76.6112289,0,39.29105,-76.611168
,,,,,,,,,,
479,5/24/2025,21:37:06,1,19728318,4G,39.2976161,-76.6121381,0,39.297432,-76.61274
,,,,,,,,,,
480,5/24/2025,21:37:19,10,18510816,4G,39.304199,-76.6092,270,39.302834,-76.61908
,,,,,,,,,,
481,5/24/2025,21:38:00,10,18506645,4G,39.295601,-76.616699,350,39.302208,-76.619514
,,,,,,,,,,
482,5/24/2025,21:38:05,7,18510743,4G,39.304199,-76.6092,270,39.306145,-76.613739
,,,,,,,,,,
483,5/24/2025,21:38:13,9,18506645,4G,39.295601,-76.616699,350,39.300804,-76.611534
,,,,,,,,,,
484,5/24/2025,21:38:35,5,18510743,4G,39.304199,-76.6092,270,39.302258,-76.612152
,,,,,,,,,,
485,5/24/2025,21:38:46,5,18510816,4G,39.304199,-76.6092,270,39.302959,-76.613243
,,,,,,,,,,
486,5/24/2025,21:39:27,6,18510743,4G,39.304199,-76.6092,270,39.304066,-76.613976
,,,,,,,,,,
487,5/24/2025,21:40:46,6,18510816,4G,39.304199,-76.6092,270,39.303703,-76.613892
,,,,,,,,,,
488,5/24/2025,21:41:27,1,19729338,4G,39.3045269,-76.61712,0,39.304504,-76.616768
,,,,,,,,,,
489,5/24/2025,21:42:16,1,19729251,4G,39.3045269,-76.61712,0,39.304474,-76.616608
,,,,,,,,,,
490,5/24/2025,21:42:54,1,19728675,4G,39.3024,-76.6169,0,39.302597,-76.617981
,,,,,,,,,,
491,5/24/2025,21:44:19,6,18506718,4G,39.295601,-76.616699,350,39.299622,-76.616547
,,,,,,,,,,
492,5/24/2025,21:44:33,5,18506645,4G,39.295601,-76.616699,350,39.298672,-76.613937
,,,,,,,,,,
493,5/24/2025,21:46:22,3,18506647,4G,39.295601,-76.616699,245,39.29557,-76.617142
,,,,,,,,,,
494,5/24/2025,21:46:40,1,18506506,4G,39.295601,-76.616699,245,39.295757,-76.617302
,,,,,,,,,,
495,5/24/2025,21:47:53,1,18506720,4G,39.295601,-76.616699,245,39.29575,-76.617294
,,,,,,,,,,
496,5/24/2025,21:48:17,2,18506647,4G,39.295601,-76.616699,245,39.295612,-76.617256
,,,,,,,,,,
497,5/24/2025,21:49:09,2,18506720,4G,39.295601,-76.616699,245,39.29575,-76.617294
,,,,,,,,,,
498,5/24/2025,21:49:31,2,18506506,4G,39.295601,-76.616699,245,39.295715,-76.617302
,,,,,,,,,,
499,5/24/2025,21:50:14,4,18506645,4G,39.295601,-76.616699,350,39.297897,-76.616257
,,,,,,,,,,
500,5/24/2025,21:51:43,3,18506504,4G,39.295601,-76.616699,350,39.298275,-76.616493
,,,,,,,,,,
501,5/24/2025,21:52:04,3,18506718,4G,39.295601,-76.616699,350,39.297897,-76.616386
,,,,,,,,,,
502,5/24/2025,21:52:56,4,18506504,4G,39.295601,-76.616699,350,39.298656,-76.614555
,,,,,,,,,,
503,5/24/2025,21:53:17,3,18506720,4G,39.295601,-76.616699,245,39.295467,-76.61808
,,,,,,,,,,
504,5/24/2025,21:53:29,2,18506647,4G,39.295601,-76.616699,245,39.295612,-76.617256
,,,,,,,,,,
505,5/24/2025,21:53:54,2,18506720,4G,39.295601,-76.616699,245,39.29575,-76.617294
,,,,,,,,,,
506,5/24/2025,21:57:12,5,18506718,4G,39.295601,-76.616699,350,39.299332,-76.614456
,,,,,,,,,,
507,5/24/2025,21:57:17,2,19728062,4G,39.29839,-76.61929,0,39.298359,-76.620384
,,,,,,,,,,
508,5/24/2025,21:57:42,10,18506511,4G,39.295601,-76.616699,350,39.301853,-76.614868
,,,,,,,,,,
509,5/24/2025,21:58:42,12,18506718,4G,39.295601,-76.616699,350,39.300007,-76.62014
,,,,,,,,,,
510,5/24/2025,22:00:03,6,19169034,4G,39.311906,-76.617692,240,39.311134,-76.623207
,,,,,,,,,,
511,5/24/2025,22:00:23,3,19729507,4G,39.30881,-76.62537,0,39.309361,-76.62439
,,,,,,,,,,
512,5/24/2025,22:00:38,8,19169034,4G,39.311906,-76.617692,240,39.310688,-76.625252
,,,,,,,,,,
513,5/24/2025,22:02:29,6,18513887,4G,39.316101,-76.631897,149,39.312793,-76.629071
,,,,,,,,,,
514,5/24/2025,22:02:33,4,18513679,4G,39.316101,-76.631897,31,39.317291,-76.629532
,,,,,,,,,,
515,5/24/2025,22:02:56,11,18513679,4G,39.316101,-76.631897,31,39.322678,-76.631165
,,,,,,,,,,
516,5/24/2025,22:02:57,6,19944746,4G,39.325467,-76.631147,0,39.326885,-76.631147
,,,,,,,,,,
517,5/24/2025,22:03:06,11,18513672,4G,39.316101,-76.631897,31,39.321331,-76.623268
,,,,,,,,,,
518,5/24/2025,22:03:16,4,19944739,4G,39.325467,-76.631147,0,39.326885,-76.631147
,,,,,,,,,,
519,5/24/2025,22:03:22,22,18348554,4G,39.335553,-76.620081,240,39.324757,-76.633934
,,,,,,,,,,
520,5/24/2025,22:03:55,14,17936137,4G,39.336261,-76.649517,120,39.337723,-76.637146
,,,,,,,,,,
521,5/24/2025,22:04:09,11,17936137,4G,39.336261,-76.649517,120,39.331161,-76.642288
,,,,,,,,,,
522,5/24/2025,22:04:36,5,17936278,4G,39.336261,-76.649517,120,39.337444,-76.646561
,,,,,,,,,,
523,5/24/2025,22:05:56,25,17936277,4G,39.336261,-76.649517,0,39.351753,-76.646011
,,,,,,,,,,
524,5/24/2025,22:06:08,29,17936143,4G,39.336261,-76.649517,0,39.355831,-76.647125
,,,,,,,,,,
525,5/24/2025,22:07:07,8,18511633,4G,39.362953,-76.646362,270,39.367283,-76.650719
,,,,,,,,,,
526,5/24/2025,22:07:17,4,18398224,4G,39.3706111,-76.6546667,140,39.369102,-76.651611
,,,,,,,,,,
527,5/24/2025,22:07:22,12,18511626,4G,39.362953,-76.646362,270,39.357021,-76.650009
,,,,,,,,,,
528,5/24/2025,22:07:23,4,18398223,4G,39.3706111,-76.6546667,20,39.372707,-76.653099
,,,,,,,,,,
529,5/24/2025,22:07:27,4,18398217,4G,39.3706111,-76.6546667,140,39.370522,-76.652222
,,,,,,,,,,
530,5/24/2025,22:07:29,14,18511624,4G,39.362953,-76.646362,30,39.371887,-76.652779
,,,,,,,,,,
531,5/24/2025,22:07:33,4,18398216,4G,39.3706111,-76.6546667,20,39.371876,-76.652817
,,,,,,,,,,
532,5/24/2025,22:14:10,24,17933320,4G,39.386494,-76.730806,10,39.391388,-76.710548
,,,,,,,,,,
533,5/24/2025,22:14:39,19,18527240,4G,39.377648,-76.722214,30,39.390415,-76.717407
,,,,,,,,,,
534,5/24/2025,22:15:23,1,17933320,4G,39.386494,-76.730806,10,39.387226,-76.730827
,,,,,,,,,,
535,5/24/2025,22:15:43,6,17933322,4G,39.386494,-76.730806,245,39.383465,-76.734322
,,,,,,,,,,
536,5/24/2025,22:15:55,2,19824419,4G,39.387239,-76.735684,0,39.38641,-76.735565
,,,,,,,,,,
537,5/24/2025,22:16:37,10,17933322,4G,39.386494,-76.730806,245,39.38895,-76.738907
,,,,,,,,,,
538,5/24/2025,22:16:41,11,17933322,4G,39.386494,-76.730806,245,39.381424,-76.738579
,,,,,,,,,,
539,5/24/2025,22:16:54,15,18489353,4G,39.3978,-76.750801,120,39.390713,-76.741791
,,,,,,,,,,
540,5/24/2025,22:16:56,16,17933322,4G,39.386494,-76.730806,245,39.379597,-76.742188
,,,,,,,,,,
541,5/24/2025,22:17:48,2,18489353,4G,39.3978,-76.750801,120,39.397224,-76.749107
,,,,,,,,,,
542,5/24/2025,22:18:22,8,18489352,4G,39.3978,-76.750801,0,39.402256,-76.755157
,,,,,,,,,,
543,5/24/2025,22:20:41,14,18375440,4G,39.418483,-76.778472,120,39.413565,-76.767491
,,,,,,,,,,
544,5/24/2025,22:20:55,12,18375652,4G,39.418483,-76.778472,120,39.414267,-76.769059
,,,,,,,,,,
545,5/24/2025,22:26:24,9,18375652,4G,39.418483,-76.778472,120,39.41497,-76.770628
,,,,,,,,,,
546,5/24/2025,22:26:38,9,18375574,4G,39.418483,-76.778472,120,39.41497,-76.770628
,,,,,,,,,,
547,5/24/2025,22:29:26,9,18375433,4G,39.418483,-76.778472,120,39.41497,-76.770628
,,,,,,,,,,
548,5/24/2025,22:31:17,9,18375640,4G,39.418483,-76.778472,120,39.41497,-76.770628
,,,,,,,,,,
549,5/24/2025,22:31:53,9,18375433,4G,39.418483,-76.778472,120,39.41497,-76.770628
,,,,,,,,,,
550,5/24/2025,22:31:57,9,18375574,4G,39.418483,-76.778472,120,39.41497,-76.770628
,,,,,,,,,,
551,5/24/2025,22:32:01,9,18375433,4G,39.418483,-76.778472,120,39.41497,-76.770628
,,,,,,,,,,
552,5/24/2025,22:32:04,9,18375574,4G,39.418483,-76.778472,120,39.41497,-76.770628
,,,,,,,,,,
553,5/24/2025,22:32:25,9,18375574,4G,39.418483,-76.778472,120,39.41497,-76.770628
,,,,,,,,,,
554,5/24/2025,22:36:27,11,18375652,4G,39.418483,-76.778472,120,39.414267,-76.769059
,,,,,,,,,,
555,5/24/2025,22:41:48,11,18375652,4G,39.418483,-76.778472,120,39.414267,-76.769059
,,,,,,,,,,
556,5/24/2025,22:42:43,0,18375640,4G,39.418483,-76.778472,120,39.41522,-76.771187
,,,,,,,,,,
557,5/24/2025,22:44:09,15,18375448,4G,39.418483,-76.778472,240,39.412862,-76.791022
,,,,,,,,,,
558,5/24/2025,22:44:27,16,18490127,4G,39.406399,-76.794197,75,39.40588,-76.780617
,,,,,,,,,,
559,5/24/2025,22:44:40,14,18490128,4G,39.406399,-76.794197,170,39.40155,-76.784363
,,,,,,,,,,
560,5/24/2025,22:45:48,13,18422792,4G,39.3927778,-76.7891667,0,39.401009,-76.784775
,,,,,,,,,,
561,5/24/2025,22:46:08,8,18422806,4G,39.3927778,-76.7891667,0,39.398121,-76.787292
,,,,,,,,,,
562,5/24/2025,22:46:53,2,18422808,4G,39.3927778,-76.7891667,240,39.391434,-76.788589
,,,,,,,,,,
563,5/24/2025,22:48:49,14,18422801,4G,39.3927778,-76.7891667,240,39.38393,-76.788116
,,,,,,,,,,
564,5/24/2025,22:50:04,14,18422794,4G,39.3927778,-76.7891667,240,39.384132,-76.788139
,,,,,,,,,,
565,5/24/2025,22:54:55,13,18422808,4G,39.3927778,-76.7891667,240,39.391052,-76.79985
,,,,,,,,,,
566,5/24/2025,23:03:04,14,18423008,4G,39.3927778,-76.7891667,240,39.39085,-76.799789
,,,,,,,,,,
567,5/24/2025,23:07:59,14,18422794,4G,39.3927778,-76.7891667,240,39.384132,-76.788139
,,,,,,,,,,
568,5/24/2025,23:09:02,13,18423008,4G,39.3927778,-76.7891667,240,39.39085,-76.799789
,,,,,,,,,,
569,5/24/2025,23:12:48,14,18422794,4G,39.3927778,-76.7891667,240,39.384132,-76.788139
,,,,,,,,,,
570,5/24/2025,23:14:12,13,18423008,4G,39.3927778,-76.7891667,240,39.39085,-76.799789
,,,,,,,,,,
571,5/24/2025,23:14:29,14,18422794,4G,39.3927778,-76.7891667,240,39.384132,-76.788139
,,,,,,,,,,
572,5/24/2025,23:15:04,14,18423008,4G,39.3927778,-76.7891667,240,39.39085,-76.799789
,,,,,,,,,,
573,5/24/2025,23:20:19,13,18422800,4G,39.3927778,-76.7891667,120,39.395699,-76.7789
,,,,,,,,,,
574,5/24/2025,23:20:56,14,18423008,4G,39.3927778,-76.7891667,240,39.39085,-76.799789
,,,,,,,,,,
575,5/24/2025,23:22:17,13,18422808,4G,39.3927778,-76.7891667,240,39.391052,-76.79985
,,,,,,,,,,
576,5/24/2025,23:24:19,14,18422794,4G,39.3927778,-76.7891667,240,39.384132,-76.788139
,,,,,,,,,,
577,5/24/2025,23:29:00,14,18422934,4G,39.3927778,-76.7891667,120,39.383965,-76.788574
,,,,,,,,,,
578,5/24/2025,23:34:31,13,18422934,4G,39.3927778,-76.7891667,120,39.385796,-76.783287
,,,,,,,,,,
579,5/24/2025,23:36:25,13,18422794,4G,39.3927778,-76.7891667,240,39.384132,-76.788139
,,,,,,,,,,
580,5/24/2025,23:41:39,14,18422794,4G,39.3927778,-76.7891667,240,39.384132,-76.788139
,,,,,,,,,,
581,5/24/2025,23:43:01,13,18422808,4G,39.3927778,-76.7891667,240,39.391052,-76.79985
,,,,,,,,,,
582,5/24/2025,23:45:41,14,18422794,4G,39.3927778,-76.7891667,240,39.384132,-76.788139
,,,,,,,,,,
583,5/24/2025,23:50:19,13,18422808,4G,39.3927778,-76.7891667,240,39.391052,-76.79985
,,,,,,,,,,
584,5/24/2025,23:52:28,13,18422794,4G,39.3927778,-76.7891667,240,39.384132,-76.788139
,,,,,,,,,,
585,5/24/2025,23:55:17,13,18422808,4G,39.3927778,-76.7891667,240,39.391052,-76.79985
,,,,,,,,,,
586,5/24/2025,23:55:54,13,18422794,4G,39.3927778,-76.7891667,240,39.384132,-76.788139
,,,,,,,,,,
587,5/24/2025,23:56:21,13,18423008,4G,39.3927778,-76.7891667,240,39.39085,-76.799789
,,,,,,,,,,
588,5/24/2025,23:57:15,14,18422808,4G,39.3927778,-76.7891667,240,39.391052,-76.79985
,,,,,,,,,,
589,5/24/2025,23:58:14,14,18422794,4G,39.3927778,-76.7891667,240,39.384132,-76.788139
